{
  "posts": [
    {
      "id": 1,
      "firstName": "Ahammed ",
      "LastName": "Fayas",
      "email": "fayastl@gmail.com"
    },
    {
      "id": 2,
      "firstName": "Dhanya",
      "LastName": "Krishna",
      "email": "danya@gmail.com"
    },
    {
      "id": 3,
      "firstName": "Sathish",
      "LastName": "syam",
      "email": "sathish@gmail.com"
    },
    {
      "id": 4,
      "firstName": "Rahul",
      "LastName": "Raj",
      "email": "rahul@gmail.com"
    }
  ],
  "comments": [],
  "profile": {
    "name": "typicode"
  }
}