<?xml version="1.0" encoding="UTF-8"?>
<!DOCTYPE hibernate-mapping
        SYSTEM
        "http://www.hibernate.org/dtd/hibernate-mapping-3.0.dtd" >
<hibernate-mapping>
	<class name="classes.user" table="user_data">
		<id name="id" type="int" column="id">
			<generator class="increment" />
		</id>
		<property name="name" type="string" column="name" />
		<property name="password" type="string" column="password" />
		<property name="balance" type="double" column="balance" />
	</class>
	<class name="classes.admin" table="admin_data">
		<id name="id" type="int" column="id">
			<generator class="increment" />
		</id>
		<property name="name" type="string" column="name" />
		<property name="password" type="string" column="password" />
	</class>
	<class name="classes.flight" table="flight_data">
		<id name="id" type="int" column="id">
			<generator class="increment" />
		</id>
		<property name="source" type="string" column="source" />
		<property name="destination" type="string"
			column="destination" />
		<property name="airline" type="string" column="airline" />
		<property name="price" type="double" column="fare" />
		<property name="availabledays" type="string"
			column="availabledays" />
	</class>
</hibernate-mapping>