<?xml version='1.0' encoding='utf-8'?>
<!-- ~ Hibernate, Relational Persistence for Idiomatic Java ~ ~ License: 
	GNU Lesser General Public License (LGPL), version 2.1 or later. ~ See the 
	lgpl.txt file in the root directory or <http://www.gnu.org/licenses/lgpl-2.1.html>. -->
<!DOCTYPE hibernate-configuration PUBLIC
        "-//Hibernate/Hibernate Configuration DTD//EN"
        "http://www.hibernate.org/dtd/hibernate-configuration-3.0.dtd">

<hibernate-configuration>
	<session-factory>
		<property name="hibernate.connection.driver_class">com.mysql.cj.jdbc.Driver</property>
		<property name="hibernate.connection.url">jdbc:mysql://localhost:3306/flyaway</property>
		<property name="hibernate.connection.username">root</property>
		<property name="hibernate.connection.password">Fayas@1601</property>
		<property name="hibernate.show_sql">true</property>
		<property name="hbm2ddl.auto">update</property>
		<!-- Hibernate Mapping -->
		
		<mapping resource="airline.hbm.xml" />
		
	</session-factory>
</hibernate-configuration>